STATION,STATION_NAME,ELEVATION,LATITUDE,LONGITUDE,DATE,TMAX,TMIN,PRCP
GHCND:USC00327027,PETERSBURG 2 N ND US,466.3,48.0355,-98.01,20100101,-178,-311,0
GHCND:USC00327027,PETERSBURG 2 N ND US,466.3,48.0355,-98.01,20100102,-244,-322,0
GHCND:USC00327027,PETERSBURG 2 N ND US,466.3,48.0355,-98.01,20100103,-194,-289,0
GHCND:USC00327027,PETERSBURG 2 N ND US,466.3,48.0355,-98.01,20100104,-167,-200,15
GHCND:USC00327027,PETERSBURG 2 N ND US,466.3,48.0355,-98.01,20100105,-133,-167,9999
GHCND:USC00327027,PETERSBURG 2 N ND US,466.3,48.0355,-98.01,20100106,-133,-172,9999
GHCND:USC00327027,PETERSBURG 2 N ND US,466.3,48.0355,-98.01,20100107,-150,-278,0
GHCND:USC00327027,PETERSBURG 2 N ND US,466.3,48.0355,-98.01,20100108,-233,-328,0
GHCND:USC00327027,PETERSBURG 2 N ND US,466.3,48.0355,-98.01,20100109,-233,-322,0
GHCND:USC00327027,PETERSBURG 2 N ND US,466.3,48.0355,-98.01,20100110,-117,-244,0
GHCND:USC00327027,PETERSBURG 2 N ND US,466.3,48.0355,-98.01,20100111,-67,-128,0
GHCND:USC00327027,PETERSBURG 2 N ND US,466.3,48.0355,-98.01,20100112,-78,-122,0
GHCND:USC00327027,PETERSBURG 2 N ND US,466.3,48.0355,-98.01,20100113,-17,-89,0
GHCND:USC00327027,PETERSBURG 2 N ND US,466.3,48.0355,-98.01,20100114,39,-72,0
GHCND:USC00327027,PETERSBURG 2 N ND US,466.3,48.0355,-98.01,20100115,-67,-72,0
GHCND:USC00327027,PETERSBURG 2 N ND US,466.3,48.0355,-98.01,20100116,22,-50,0
GHCND:USC00327027,PETERSBURG 2 N ND US,466.3,48.0355,-98.01,20100117,33,-44,0
GHCND:USC00327027,PETERSBURG 2 N ND US,466.3,48.0355,-98.01,20100118,6,-172,0
GHCND:USC00327027,PETERSBURG 2 N ND US,466.3,48.0355,-98.01,20100119,-56,-183,0
GHCND:USC00327027,PETERSBURG 2 N ND US,466.3,48.0355,-98.01,20100120,-67,-139,0
GHCND:USC00327027,PETERSBURG 2 N ND US,466.3,48.0355,-98.01,20100121,-67,-94,25
GHCND:USC00327027,PETERSBURG 2 N ND US,466.3,48.0355,-98.01,20100122,-44,-67,0
GHCND:USC00327027,PETERSBURG 2 N ND US,466.3,48.0355,-98.01,20100123,-6,-44,0
GHCND:USC00327027,PETERSBURG 2 N ND US,466.3,48.0355,-98.01,20100124,0,-11,0
GHCND:USC00327027,PETERSBURG 2 N ND US,466.3,48.0355,-98.01,20100125,-11,-161,0
GHCND:USC00327027,PETERSBURG 2 N ND US,466.3,48.0355,-98.01,20100126,-161,-233,0
GHCND:USC00327027,PETERSBURG 2 N ND US,466.3,48.0355,-98.01,20100127,-167,-222,0
GHCND:USC00327027,PETERSBURG 2 N ND US,466.3,48.0355,-98.01,20100128,-167,-283,0
GHCND:USC00327027,PETERSBURG 2 N ND US,466.3,48.0355,-98.01,20100129,-189,-283,0
GHCND:USC00327027,PETERSBURG 2 N ND US,466.3,48.0355,-98.01,20100130,-156,-267,0
GHCND:USC00327027,PETERSBURG 2 N ND US,466.3,48.0355,-98.01,20100131,-150,-272,0
GHCND:USC00327028,PETERSBURG 2 N ND US,466.3,48.0355,-98.01,2012102,42,30,0
GHCND:USC00327029,PETERSBURG 2 N ND US,466.3,48.0355,-98.01,2012103,21,163,0
GHCND:USC00327030,PETERSBURG 2 N ND US,466.3,48.0355,-98.01,2012104,128,199,0
GHCND:USC00327031,PETERSBURG 2 N ND US,466.3,48.0355,-98.01,2012105,24,71,0
GHCND:USC00327032,PETERSBURG 2 N ND US,466.3,48.0355,-98.01,2012106,94,81,0
GHCND:USC00327033,PETERSBURG 2 N ND US,466.3,48.0355,-98.01,2012107,50,175,0
GHCND:USC00327034,PETERSBURG 2 N ND US,466.3,48.0355,-98.01,2012108,76,48,0
GHCND:USC00327035,PETERSBURG 2 N ND US,466.3,48.0355,-98.01,2012109,150,167,0
GHCND:USC00327036,PETERSBURG 2 N ND US,466.3,48.0355,-98.01,2012110,40,89,0
GHCND:USC00327037,PETERSBURG 2 N ND US,466.3,48.0355,-98.01,2012111,82,93,0
GHCND:USC00327038,PETERSBURG 2 N ND US,466.3,48.0355,-98.01,2012112,162,17,0
GHCND:USC00327039,PETERSBURG 2 N ND US,466.3,48.0355,-98.01,2012113,25,136,0
GHCND:USC00327040,PETERSBURG 2 N ND US,466.3,48.0355,-98.01,2012114,131,199,0
GHCND:USC00327041,PETERSBURG 2 N ND US,466.3,48.0355,-98.01,2012115,35,94,0
GHCND:USC00327042,PETERSBURG 2 N ND US,466.3,48.0355,-98.01,2012116,67,111,0
GHCND:USC00327043,PETERSBURG 2 N ND US,466.3,48.0355,-98.01,2012117,14,144,0
GHCND:USC00327044,PETERSBURG 2 N ND US,466.3,48.0355,-98.01,2012118,36,117,0
GHCND:USC00327045,PETERSBURG 2 N ND US,466.3,48.0355,-98.01,2012119,90,43,0
GHCND:USC00327046,PETERSBURG 2 N ND US,466.3,48.0355,-98.01,2012120,193,178,0
GHCND:USC00327047,PETERSBURG 2 N ND US,466.3,48.0355,-98.01,2012121,17,38,0
GHCND:USC00327048,PETERSBURG 2 N ND US,466.3,48.0355,-98.01,2012122,148,15,0
GHCND:USC00327049,PETERSBURG 2 N ND US,466.3,48.0355,-98.01,2012123,190,121,0
GHCND:USC00327050,PETERSBURG 2 N ND US,466.3,48.0355,-98.01,2012124,196,140,0
GHCND:USC00327051,PETERSBURG 2 N ND US,466.3,48.0355,-98.01,2012125,116,123,0
GHCND:USC00327052,PETERSBURG 2 N ND US,466.3,48.0355,-98.01,2012126,60,171,0
GHCND:USC00327053,PETERSBURG 2 N ND US,466.3,48.0355,-98.01,2012127,42,36,0
GHCND:USC00327054,PETERSBURG 2 N ND US,466.3,48.0355,-98.01,2012128,144,110,0
GHCND:USC00327055,PETERSBURG 2 N ND US,466.3,48.0355,-98.01,2012129,190,38,0
GHCND:USC00327056,PETERSBURG 2 N ND US,466.3,48.0355,-98.01,2012130,100,69,0
GHCND:USC00327057,PETERSBURG 2 N ND US,466.3,48.0355,-98.01,2012131,64,82,0
GHCND:USC00327058,PETERSBURG 2 N ND US,466.3,48.0355,-98.01,2012132,154,22,0
GHCND:USC00327059,PETERSBURG 2 N ND US,466.3,48.0355,-98.01,2012133,67,129,0
GHCND:USC00327060,PETERSBURG 2 N ND US,466.3,48.0355,-98.01,2012134,80,47,0
GHCND:USC00327061,PETERSBURG 2 N ND US,466.3,48.0355,-98.01,2012135,140,70,0
GHCND:USC00327062,PETERSBURG 2 N ND US,466.3,48.0355,-98.01,2012136,18,96,0
GHCND:USC00327063,PETERSBURG 2 N ND US,466.3,48.0355,-98.01,2012137,103,53,0
GHCND:USC00327064,PETERSBURG 2 N ND US,466.3,48.0355,-98.01,2012138,99,98,0
GHCND:USC00327065,PETERSBURG 2 N ND US,466.3,48.0355,-98.01,2012139,10,102,0
GHCND:USC00327066,PETERSBURG 2 N ND US,466.3,48.0355,-98.01,2012140,34,22,0
GHCND:USC00327067,PETERSBURG 2 N ND US,466.3,48.0355,-98.01,2012141,165,109,0
GHCND:USC00327068,PETERSBURG 2 N ND US,466.3,48.0355,-98.01,2012142,199,30,0
GHCND:USC00327069,PETERSBURG 2 N ND US,466.3,48.0355,-98.01,2012143,194,91,0
GHCND:USC00327070,PETERSBURG 2 N ND US,466.3,48.0355,-98.01,2012144,176,23,0
GHCND:USC00327071,PETERSBURG 2 N ND US,466.3,48.0355,-98.01,2012145,92,152,0
GHCND:USC00327072,PETERSBURG 2 N ND US,466.3,48.0355,-98.01,2012146,25,87,0
GHCND:USC00327073,PETERSBURG 2 N ND US,466.3,48.0355,-98.01,2012147,155,145,0
GHCND:USC00327074,PETERSBURG 2 N ND US,466.3,48.0355,-98.01,2012148,39,49,0
GHCND:USC00327075,PETERSBURG 2 N ND US,466.3,48.0355,-98.01,2012149,138,134,0
GHCND:USC00327076,PETERSBURG 2 N ND US,466.3,48.0355,-98.01,2012150,42,41,0
GHCND:USC00327077,PETERSBURG 2 N ND US,466.3,48.0355,-98.01,2012151,93,26,0
GHCND:USC00327078,PETERSBURG 2 N ND US,466.3,48.0355,-98.01,2012152,79,14,0
GHCND:USC00327079,PETERSBURG 2 N ND US,466.3,48.0355,-98.01,2012153,81,41,0
GHCND:USC00327080,PETERSBURG 2 N ND US,466.3,48.0355,-98.01,2012154,101,176,0
GHCND:USC00327081,PETERSBURG 2 N ND US,466.3,48.0355,-98.01,2012155,34,83,0
GHCND:USC00327082,PETERSBURG 2 N ND US,466.3,48.0355,-98.01,2012156,114,54,0
GHCND:USC00327083,PETERSBURG 2 N ND US,466.3,48.0355,-98.01,2012157,72,122,0
GHCND:USC00327084,PETERSBURG 2 N ND US,466.3,48.0355,-98.01,2012158,70,11,0
GHCND:USC00327085,PETERSBURG 2 N ND US,466.3,48.0355,-98.01,2012159,159,44,0
GHCND:USC00327086,PETERSBURG 2 N ND US,466.3,48.0355,-98.01,2012160,58,163,0
GHCND:USC00327087,PETERSBURG 2 N ND US,466.3,48.0355,-98.01,2012161,45,98,0
GHCND:USC00327088,PETERSBURG 2 N ND US,466.3,48.0355,-98.01,2012162,108,103,0
GHCND:USC00327089,PETERSBURG 2 N ND US,466.3,48.0355,-98.01,2012163,103,148,0
GHCND:USC00327090,PETERSBURG 2 N ND US,466.3,48.0355,-98.01,2012164,32,31,0
GHCND:USC00327091,PETERSBURG 2 N ND US,466.3,48.0355,-98.01,2012165,123,63,0
GHCND:USC00327092,PETERSBURG 2 N ND US,466.3,48.0355,-98.01,2012166,15,39,0
GHCND:USC00327093,PETERSBURG 2 N ND US,466.3,48.0355,-98.01,2012167,163,157,0
GHCND:USC00327094,PETERSBURG 2 N ND US,466.3,48.0355,-98.01,2012168,190,92,0
GHCND:USC00327095,PETERSBURG 2 N ND US,466.3,48.0355,-98.01,2012169,200,154,0
GHCND:USC00327096,PETERSBURG 2 N ND US,466.3,48.0355,-98.01,2012170,34,148,0
GHCND:USC00327097,PETERSBURG 2 N ND US,466.3,48.0355,-98.01,2012171,31,68,0
GHCND:USC00327098,PETERSBURG 2 N ND US,466.3,48.0355,-98.01,2012172,165,44,0
GHCND:USC00327099,PETERSBURG 2 N ND US,466.3,48.0355,-98.01,2012173,56,120,0
GHCND:USC00327100,PETERSBURG 2 N ND US,466.3,48.0355,-98.01,2012174,120,76,0
GHCND:USC00327101,PETERSBURG 2 N ND US,466.3,48.0355,-98.01,2012175,200,64,0
GHCND:USC00327102,PETERSBURG 2 N ND US,466.3,48.0355,-98.01,2012176,128,180,0
GHCND:USC00327103,PETERSBURG 2 N ND US,466.3,48.0355,-98.01,2012177,112,172,0
GHCND:USC00327104,PETERSBURG 2 N ND US,466.3,48.0355,-98.01,2012178,129,144,0
GHCND:USC00327105,PETERSBURG 2 N ND US,466.3,48.0355,-98.01,2012179,76,69,0
GHCND:USC00327106,PETERSBURG 2 N ND US,466.3,48.0355,-98.01,2012180,162,51,0
GHCND:USC00327107,PETERSBURG 2 N ND US,466.3,48.0355,-98.01,2012181,96,57,0
GHCND:USC00327108,PETERSBURG 2 N ND US,466.3,48.0355,-98.01,2012182,45,16,0
GHCND:USC00327109,PETERSBURG 2 N ND US,466.3,48.0355,-98.01,2012183,114,181,0
GHCND:USC00327110,PETERSBURG 2 N ND US,466.3,48.0355,-98.01,2012184,58,176,0
GHCND:USC00327111,PETERSBURG 2 N ND US,466.3,48.0355,-98.01,2012185,174,191,0
GHCND:USC00327112,PETERSBURG 2 N ND US,466.3,48.0355,-98.01,2012186,26,37,0
GHCND:USC00327113,PETERSBURG 2 N ND US,466.3,48.0355,-98.01,2012187,44,140,0
GHCND:USC00327114,PETERSBURG 2 N ND US,466.3,48.0355,-98.01,2012188,170,96,0
GHCND:USC00327115,PETERSBURG 2 N ND US,466.3,48.0355,-98.01,2012189,63,15,0
GHCND:USC00327116,PETERSBURG 2 N ND US,466.3,48.0355,-98.01,2012190,182,148,0
GHCND:USC00327117,PETERSBURG 2 N ND US,466.3,48.0355,-98.01,2012191,45,97,0
GHCND:USC00327118,PETERSBURG 2 N ND US,466.3,48.0355,-98.01,2012192,155,193,0
GHCND:USC00327119,PETERSBURG 2 N ND US,466.3,48.0355,-98.01,2012193,160,101,0
GHCND:USC00327120,PETERSBURG 2 N ND US,466.3,48.0355,-98.01,2012194,80,55,0
GHCND:USC00327121,PETERSBURG 2 N ND US,466.3,48.0355,-98.01,2012195,132,81,0
GHCND:USC00327122,PETERSBURG 2 N ND US,466.3,48.0355,-98.01,2012196,82,41,0
GHCND:USC00327123,PETERSBURG 2 N ND US,466.3,48.0355,-98.01,2012197,32,67,0
GHCND:USC00327124,PETERSBURG 2 N ND US,466.3,48.0355,-98.01,2012198,144,131,0
GHCND:USC00327125,PETERSBURG 2 N ND US,466.3,48.0355,-98.01,2012199,169,16,0
GHCND:USC00327126,PETERSBURG 2 N ND US,466.3,48.0355,-98.01,2012200,193,91,0
GHCND:USC00327127,PETERSBURG 2 N ND US,466.3,48.0355,-98.01,2012201,90,168,0
GHCND:USC00327128,PETERSBURG 2 N ND US,466.3,48.0355,-98.01,2012202,63,121,0
GHCND:USC00327129,PETERSBURG 2 N ND US,466.3,48.0355,-98.01,2012203,108,92,0
GHCND:USC00327130,PETERSBURG 2 N ND US,466.3,48.0355,-98.01,2012204,18,198,0
GHCND:USC00327131,PETERSBURG 2 N ND US,466.3,48.0355,-98.01,2012205,97,57,0
GHCND:USC00327132,PETERSBURG 2 N ND US,466.3,48.0355,-98.01,2012206,105,141,0
GHCND:USC00327133,PETERSBURG 2 N ND US,466.3,48.0355,-98.01,2012207,131,175,0
GHCND:USC00327134,PETERSBURG 2 N ND US,466.3,48.0355,-98.01,2012208,18,193,0
GHCND:USC00327135,PETERSBURG 2 N ND US,466.3,48.0355,-98.01,2012209,178,123,0
GHCND:USC00327136,PETERSBURG 2 N ND US,466.3,48.0355,-98.01,2012210,181,110,0
GHCND:USC00327137,PETERSBURG 2 N ND US,466.3,48.0355,-98.01,2012211,48,176,0
GHCND:USC00327138,PETERSBURG 2 N ND US,466.3,48.0355,-98.01,2012212,67,27,0
GHCND:USC00327139,PETERSBURG 2 N ND US,466.3,48.0355,-98.01,2012213,171,10,0
GHCND:USC00327140,PETERSBURG 2 N ND US,466.3,48.0355,-98.01,2012214,119,66,0
GHCND:USC00327141,PETERSBURG 2 N ND US,466.3,48.0355,-98.01,2012215,158,137,0
GHCND:USC00327142,PETERSBURG 2 N ND US,466.3,48.0355,-98.01,2012216,109,194,0
GHCND:USC00327143,PETERSBURG 2 N ND US,466.3,48.0355,-98.01,2012217,111,160,0
GHCND:USC00327144,PETERSBURG 2 N ND US,466.3,48.0355,-98.01,2012218,190,105,0
GHCND:USC00327145,PETERSBURG 2 N ND US,466.3,48.0355,-98.01,2012219,141,72,0
GHCND:USC00327146,PETERSBURG 2 N ND US,466.3,48.0355,-98.01,2012220,26,177,0
GHCND:USC00327147,PETERSBURG 2 N ND US,466.3,48.0355,-98.01,2012221,191,74,0
GHCND:USC00327148,PETERSBURG 2 N ND US,466.3,48.0355,-98.01,2012222,70,111,0
GHCND:USC00327149,PETERSBURG 2 N ND US,466.3,48.0355,-98.01,2012223,66,90,0
GHCND:USC00327150,PETERSBURG 2 N ND US,466.3,48.0355,-98.01,2012224,132,78,0
GHCND:USC00327151,PETERSBURG 2 N ND US,466.3,48.0355,-98.01,2012225,84,144,0
GHCND:USC00327152,PETERSBURG 2 N ND US,466.3,48.0355,-98.01,2012226,75,10,0
GHCND:USC00327153,PETERSBURG 2 N ND US,466.3,48.0355,-98.01,2012227,151,60,0
GHCND:USC00327154,PETERSBURG 2 N ND US,466.3,48.0355,-98.01,2012228,55,77,0
GHCND:USC00327155,PETERSBURG 2 N ND US,466.3,48.0355,-98.01,2012229,139,159,0
GHCND:USC00327156,PETERSBURG 2 N ND US,466.3,48.0355,-98.01,2012230,169,48,0
GHCND:USC00327157,PETERSBURG 2 N ND US,466.3,48.0355,-98.01,2012231,160,124,0
GHCND:USC00327158,PETERSBURG 2 N ND US,466.3,48.0355,-98.01,2012232,149,146,0
GHCND:USC00327159,PETERSBURG 2 N ND US,466.3,48.0355,-98.01,2012233,145,163,0
GHCND:USC00327160,PETERSBURG 2 N ND US,466.3,48.0355,-98.01,2012234,114,74,0
GHCND:USC00327161,PETERSBURG 2 N ND US,466.3,48.0355,-98.01,2012235,151,66,0
GHCND:USC00327162,PETERSBURG 2 N ND US,466.3,48.0355,-98.01,2012236,152,12,0
GHCND:USC00327163,PETERSBURG 2 N ND US,466.3,48.0355,-98.01,2012237,94,161,0
GHCND:USC00327164,PETERSBURG 2 N ND US,466.3,48.0355,-98.01,2012238,34,10,0
GHCND:USC00327165,PETERSBURG 2 N ND US,466.3,48.0355,-98.01,2012239,150,194,0
GHCND:USC00327166,PETERSBURG 2 N ND US,466.3,48.0355,-98.01,2012240,180,68,0
GHCND:USC00327167,PETERSBURG 2 N ND US,466.3,48.0355,-98.01,2012241,80,181,0
GHCND:USC00327168,PETERSBURG 2 N ND US,466.3,48.0355,-98.01,2012242,16,148,0
GHCND:USC00327169,PETERSBURG 2 N ND US,466.3,48.0355,-98.01,2012243,119,190,0
GHCND:USC00327170,PETERSBURG 2 N ND US,466.3,48.0355,-98.01,2012244,107,147,0
GHCND:USC00327171,PETERSBURG 2 N ND US,466.3,48.0355,-98.01,2012245,25,40,0
GHCND:USC00327172,PETERSBURG 2 N ND US,466.3,48.0355,-98.01,2012246,102,72,0
GHCND:USC00327173,PETERSBURG 2 N ND US,466.3,48.0355,-98.01,2012247,10,66,0
GHCND:USC00327174,PETERSBURG 2 N ND US,466.3,48.0355,-98.01,2012248,106,141,0
GHCND:USC00327175,PETERSBURG 2 N ND US,466.3,48.0355,-98.01,2012249,175,111,0
GHCND:USC00327176,PETERSBURG 2 N ND US,466.3,48.0355,-98.01,2012250,154,54,0
GHCND:USC00327177,PETERSBURG 2 N ND US,466.3,48.0355,-98.01,2012251,196,53,0
GHCND:USC00327178,PETERSBURG 2 N ND US,466.3,48.0355,-98.01,2012252,114,169,0
GHCND:USC00327179,PETERSBURG 2 N ND US,466.3,48.0355,-98.01,2012253,164,77,0
GHCND:USC00327180,PETERSBURG 2 N ND US,466.3,48.0355,-98.01,2012254,163,163,0
GHCND:USC00327181,PETERSBURG 2 N ND US,466.3,48.0355,-98.01,2012255,152,86,0
GHCND:USC00327182,PETERSBURG 2 N ND US,466.3,48.0355,-98.01,2012256,200,84,0
GHCND:USC00327183,PETERSBURG 2 N ND US,466.3,48.0355,-98.01,2012257,191,118,0
GHCND:USC00327184,PETERSBURG 2 N ND US,466.3,48.0355,-98.01,2012258,39,32,0
GHCND:USC00327185,PETERSBURG 2 N ND US,466.3,48.0355,-98.01,2012259,169,113,0
GHCND:USC00327186,PETERSBURG 2 N ND US,466.3,48.0355,-98.01,2012260,112,200,0
GHCND:USC00327187,PETERSBURG 2 N ND US,466.3,48.0355,-98.01,2012261,194,76,0
GHCND:USC00327188,PETERSBURG 2 N ND US,466.3,48.0355,-98.01,2012262,38,123,0
GHCND:USC00327189,PETERSBURG 2 N ND US,466.3,48.0355,-98.01,2012263,148,32,0
GHCND:USC00327190,PETERSBURG 2 N ND US,466.3,48.0355,-98.01,2012264,107,148,0
GHCND:USC00327191,PETERSBURG 2 N ND US,466.3,48.0355,-98.01,2012265,179,35,0
GHCND:USC00327192,PETERSBURG 2 N ND US,466.3,48.0355,-98.01,2012266,92,160,0
GHCND:USC00327193,PETERSBURG 2 N ND US,466.3,48.0355,-98.01,2012267,89,101,0
GHCND:USC00327194,PETERSBURG 2 N ND US,466.3,48.0355,-98.01,2012268,41,36,0
GHCND:USC00327195,PETERSBURG 2 N ND US,466.3,48.0355,-98.01,2012269,83,97,0
GHCND:USC00327196,PETERSBURG 2 N ND US,466.3,48.0355,-98.01,2012270,190,191,0
GHCND:USC00327197,PETERSBURG 2 N ND US,466.3,48.0355,-98.01,2012271,187,183,0
GHCND:USC00327198,PETERSBURG 2 N ND US,466.3,48.0355,-98.01,2012272,148,92,0
GHCND:USC00327199,PETERSBURG 2 N ND US,466.3,48.0355,-98.01,2012273,173,18,0
GHCND:USC00327200,PETERSBURG 2 N ND US,466.3,48.0355,-98.01,2012274,176,132,0
GHCND:USC00327201,PETERSBURG 2 N ND US,466.3,48.0355,-98.01,2012275,73,55,0
GHCND:USC00327202,PETERSBURG 2 N ND US,466.3,48.0355,-98.01,2012276,51,176,0
GHCND:USC00327203,PETERSBURG 2 N ND US,466.3,48.0355,-98.01,2012277,129,147,0
GHCND:USC00327204,PETERSBURG 2 N ND US,466.3,48.0355,-98.01,2012278,167,198,0
GHCND:USC00327205,PETERSBURG 2 N ND US,466.3,48.0355,-98.01,2012279,116,179,0
GHCND:USC00327206,PETERSBURG 2 N ND US,466.3,48.0355,-98.01,2012280,70,57,0
GHCND:USC00327207,PETERSBURG 2 N ND US,466.3,48.0355,-98.01,2012281,99,176,0
GHCND:USC00327208,PETERSBURG 2 N ND US,466.3,48.0355,-98.01,2012282,28,35,0
GHCND:USC00327209,PETERSBURG 2 N ND US,466.3,48.0355,-98.01,2012283,142,34,0
GHCND:USC00327210,PETERSBURG 2 N ND US,466.3,48.0355,-98.01,2012284,110,133,0
GHCND:USC00327211,PETERSBURG 2 N ND US,466.3,48.0355,-98.01,2012285,148,131,0
GHCND:USC00327212,PETERSBURG 2 N ND US,466.3,48.0355,-98.01,2012286,95,82,0
GHCND:USC00327213,PETERSBURG 2 N ND US,466.3,48.0355,-98.01,2012287,28,150,0
GHCND:USC00327214,PETERSBURG 2 N ND US,466.3,48.0355,-98.01,2012288,61,179,0
GHCND:USC00327215,PETERSBURG 2 N ND US,466.3,48.0355,-98.01,2012289,151,137,0
GHCND:USC00327216,PETERSBURG 2 N ND US,466.3,48.0355,-98.01,2012290,174,35,0
GHCND:USC00327217,PETERSBURG 2 N ND US,466.3,48.0355,-98.01,2012291,108,80,0
GHCND:USC00327218,PETERSBURG 2 N ND US,466.3,48.0355,-98.01,2012292,25,61,0
GHCND:USC00327219,PETERSBURG 2 N ND US,466.3,48.0355,-98.01,2012293,22,144,0
GHCND:USC00327220,PETERSBURG 2 N ND US,466.3,48.0355,-98.01,2012294,41,194,0
GHCND:USC00327221,PETERSBURG 2 N ND US,466.3,48.0355,-98.01,2012295,27,48,0
GHCND:USC00327222,PETERSBURG 2 N ND US,466.3,48.0355,-98.01,2012296,26,189,0
GHCND:USC00327223,PETERSBURG 2 N ND US,466.3,48.0355,-98.01,2012297,41,94,0
GHCND:USC00327224,PETERSBURG 2 N ND US,466.3,48.0355,-98.01,2012298,159,125,0
GHCND:USC00327225,PETERSBURG 2 N ND US,466.3,48.0355,-98.01,2012299,61,195,0
GHCND:USC00327226,PETERSBURG 2 N ND US,466.3,48.0355,-98.01,2012300,24,161,0
GHCND:USC00327227,PETERSBURG 2 N ND US,466.3,48.0355,-98.01,2012301,57,163,0
GHCND:USC00327228,PETERSBURG 2 N ND US,466.3,48.0355,-98.01,2012302,139,46,0
GHCND:USC00327229,PETERSBURG 2 N ND US,466.3,48.0355,-98.01,2012303,131,80,0
GHCND:USC00327230,PETERSBURG 2 N ND US,466.3,48.0355,-98.01,2012304,88,156,0
GHCND:USC00327231,PETERSBURG 2 N ND US,466.3,48.0355,-98.01,2012305,89,108,0
GHCND:USC00327232,PETERSBURG 2 N ND US,466.3,48.0355,-98.01,2012306,83,44,0
GHCND:USC00327233,PETERSBURG 2 N ND US,466.3,48.0355,-98.01,2012307,52,118,0
GHCND:USC00327234,PETERSBURG 2 N ND US,466.3,48.0355,-98.01,2012308,163,148,0
GHCND:USC00327235,PETERSBURG 2 N ND US,466.3,48.0355,-98.01,2012309,165,127,0
GHCND:USC00327236,PETERSBURG 2 N ND US,466.3,48.0355,-98.01,2012310,22,96,0
GHCND:USC00327237,PETERSBURG 2 N ND US,466.3,48.0355,-98.01,2012311,30,170,0
GHCND:USC00327238,PETERSBURG 2 N ND US,466.3,48.0355,-98.01,2012312,56,76,0
GHCND:USC00327239,PETERSBURG 2 N ND US,466.3,48.0355,-98.01,2012313,50,128,0
GHCND:USC00327240,PETERSBURG 2 N ND US,466.3,48.0355,-98.01,2012314,132,135,0
GHCND:USC00327241,PETERSBURG 2 N ND US,466.3,48.0355,-98.01,2012315,128,75,0
GHCND:USC00327242,PETERSBURG 2 N ND US,466.3,48.0355,-98.01,2012316,136,76,0
GHCND:USC00327243,PETERSBURG 2 N ND US,466.3,48.0355,-98.01,2012317,71,149,0
GHCND:USC00327244,PETERSBURG 2 N ND US,466.3,48.0355,-98.01,2012318,114,163,0
GHCND:USC00327245,PETERSBURG 2 N ND US,466.3,48.0355,-98.01,2012319,98,173,0
GHCND:USC00327246,PETERSBURG 2 N ND US,466.3,48.0355,-98.01,2012320,143,149,0
GHCND:USC00327247,PETERSBURG 2 N ND US,466.3,48.0355,-98.01,2012321,191,175,0
GHCND:USC00327248,PETERSBURG 2 N ND US,466.3,48.0355,-98.01,2012322,65,71,0
GHCND:USC00327249,PETERSBURG 2 N ND US,466.3,48.0355,-98.01,2012323,99,54,0
GHCND:USC00327250,PETERSBURG 2 N ND US,466.3,48.0355,-98.01,2012324,138,26,0
GHCND:USC00327251,PETERSBURG 2 N ND US,466.3,48.0355,-98.01,2012325,19,21,0
GHCND:USC00327252,PETERSBURG 2 N ND US,466.3,48.0355,-98.01,2012326,28,73,0
GHCND:USC00327253,PETERSBURG 2 N ND US,466.3,48.0355,-98.01,2012327,182,36,0
GHCND:USC00327254,PETERSBURG 2 N ND US,466.3,48.0355,-98.01,2012328,199,151,0
GHCND:USC00327255,PETERSBURG 2 N ND US,466.3,48.0355,-98.01,2012329,85,49,0
GHCND:USC00327256,PETERSBURG 2 N ND US,466.3,48.0355,-98.01,2012330,97,195,0
GHCND:USC00327257,PETERSBURG 2 N ND US,466.3,48.0355,-98.01,2012331,192,189,0
GHCND:USC00327258,PETERSBURG 2 N ND US,466.3,48.0355,-98.01,2012332,116,146,0
GHCND:USC00327259,PETERSBURG 2 N ND US,466.3,48.0355,-98.01,2012333,158,54,0
GHCND:USC00327260,PETERSBURG 2 N ND US,466.3,48.0355,-98.01,2012334,107,102,0
GHCND:USC00327261,PETERSBURG 2 N ND US,466.3,48.0355,-98.01,2012335,173,66,0
GHCND:USC00327262,PETERSBURG 2 N ND US,466.3,48.0355,-98.01,2012336,34,167,0
GHCND:USC00327263,PETERSBURG 2 N ND US,466.3,48.0355,-98.01,2012337,39,139,0
GHCND:USC00327264,PETERSBURG 2 N ND US,466.3,48.0355,-98.01,2012338,193,132,0
GHCND:USC00327265,PETERSBURG 2 N ND US,466.3,48.0355,-98.01,2012339,29,133,0
GHCND:USC00327266,PETERSBURG 2 N ND US,466.3,48.0355,-98.01,2012340,74,67,0
GHCND:USC00327267,PETERSBURG 2 N ND US,466.3,48.0355,-98.01,2012341,171,175,0
GHCND:USC00327268,PETERSBURG 2 N ND US,466.3,48.0355,-98.01,2012342,113,71,0
GHCND:USC00327269,PETERSBURG 2 N ND US,466.3,48.0355,-98.01,2012343,139,66,0
GHCND:USC00327270,PETERSBURG 2 N ND US,466.3,48.0355,-98.01,2012344,112,10,0
GHCND:USC00327271,PETERSBURG 2 N ND US,466.3,48.0355,-98.01,2012345,39,184,0
GHCND:USC00327272,PETERSBURG 2 N ND US,466.3,48.0355,-98.01,2012346,200,156,0
GHCND:USC00327273,PETERSBURG 2 N ND US,466.3,48.0355,-98.01,2012347,181,55,0
GHCND:USC00327274,PETERSBURG 2 N ND US,466.3,48.0355,-98.01,2012348,194,111,0
GHCND:USC00327275,PETERSBURG 2 N ND US,466.3,48.0355,-98.01,2012349,44,92,0
GHCND:USC00327276,PETERSBURG 2 N ND US,466.3,48.0355,-98.01,2012350,115,45,0
GHCND:USC00327277,PETERSBURG 2 N ND US,466.3,48.0355,-98.01,2012351,162,179,0
GHCND:USC00327278,PETERSBURG 2 N ND US,466.3,48.0355,-98.01,2012352,115,199,0
GHCND:USC00327279,PETERSBURG 2 N ND US,466.3,48.0355,-98.01,2012353,54,86,0
GHCND:USC00327280,PETERSBURG 2 N ND US,466.3,48.0355,-98.01,2012354,65,170,0
GHCND:USC00327281,PETERSBURG 2 N ND US,466.3,48.0355,-98.01,2012355,157,160,0
GHCND:USC00327282,PETERSBURG 2 N ND US,466.3,48.0355,-98.01,2012356,34,188,0
GHCND:USC00327283,PETERSBURG 2 N ND US,466.3,48.0355,-98.01,2012357,127,139,0
GHCND:USC00327284,PETERSBURG 2 N ND US,466.3,48.0355,-98.01,2012358,80,138,0
GHCND:USC00327285,PETERSBURG 2 N ND US,466.3,48.0355,-98.01,2012359,181,179,0
GHCND:USC00327286,PETERSBURG 2 N ND US,466.3,48.0355,-98.01,2012360,178,90,0
GHCND:USC00327287,PETERSBURG 2 N ND US,466.3,48.0355,-98.01,2012361,99,115,0
GHCND:USC00327288,PETERSBURG 2 N ND US,466.3,48.0355,-98.01,2012362,83,83,0
GHCND:USC00327289,PETERSBURG 2 N ND US,466.3,48.0355,-98.01,2012363,121,57,0
GHCND:USC00327290,PETERSBURG 2 N ND US,466.3,48.0355,-98.01,2012364,15,131,0
GHCND:USC00327291,PETERSBURG 2 N ND US,466.3,48.0355,-98.01,2012365,182,151,0
GHCND:USC00327292,PETERSBURG 2 N ND US,466.3,48.0355,-98.01,2012366,123,87,0
GHCND:USC00327293,PETERSBURG 2 N ND US,466.3,48.0355,-98.01,2012367,11,38,0
GHCND:USC00327294,PETERSBURG 2 N ND US,466.3,48.0355,-98.01,2012368,113,168,0
GHCND:USC00327295,PETERSBURG 2 N ND US,466.3,48.0355,-98.01,2012369,26,132,0
GHCND:USC00327296,PETERSBURG 2 N ND US,466.3,48.0355,-98.01,2012370,67,25,0
GHCND:USC00327297,PETERSBURG 2 N ND US,466.3,48.0355,-98.01,2012371,20,67,0
GHCND:USC00327298,PETERSBURG 2 N ND US,466.3,48.0355,-98.01,2012372,77,127,0
GHCND:USC00327299,PETERSBURG 2 N ND US,466.3,48.0355,-98.01,2012373,143,86,0
GHCND:USC00327300,PETERSBURG 2 N ND US,466.3,48.0355,-98.01,2012374,12,34,0
GHCND:USC00327301,PETERSBURG 2 N ND US,466.3,48.0355,-98.01,2012375,146,110,0
GHCND:USC00327302,PETERSBURG 2 N ND US,466.3,48.0355,-98.01,2012376,107,148,0
GHCND:USC00327303,PETERSBURG 2 N ND US,466.3,48.0355,-98.01,2012377,73,91,0
GHCND:USC00327304,PETERSBURG 2 N ND US,466.3,48.0355,-98.01,2012378,94,29,0
GHCND:USC00327305,PETERSBURG 2 N ND US,466.3,48.0355,-98.01,2012379,130,84,0
GHCND:USC00327306,PETERSBURG 2 N ND US,466.3,48.0355,-98.01,2012380,82,131,0
GHCND:USC00327307,PETERSBURG 2 N ND US,466.3,48.0355,-98.01,2012381,152,116,0
GHCND:USC00327308,PETERSBURG 2 N ND US,466.3,48.0355,-98.01,2012382,75,12,0
GHCND:USC00327309,PETERSBURG 2 N ND US,466.3,48.0355,-98.01,2012383,41,67,0
GHCND:USC00327310,PETERSBURG 2 N ND US,466.3,48.0355,-98.01,2012384,168,23,0
GHCND:USC00327311,PETERSBURG 2 N ND US,466.3,48.0355,-98.01,2012385,143,13,0
GHCND:USC00327312,PETERSBURG 2 N ND US,466.3,48.0355,-98.01,2012386,133,141,0
GHCND:USC00327313,PETERSBURG 2 N ND US,466.3,48.0355,-98.01,2012387,165,172,0
GHCND:USC00327314,PETERSBURG 2 N ND US,466.3,48.0355,-98.01,2012388,156,99,0
GHCND:USC00327315,PETERSBURG 2 N ND US,466.3,48.0355,-98.01,2012389,86,114,0
GHCND:USC00327316,PETERSBURG 2 N ND US,466.3,48.0355,-98.01,2012390,118,55,0
GHCND:USC00327317,PETERSBURG 2 N ND US,466.3,48.0355,-98.01,2012391,136,14,0
GHCND:USC00327318,PETERSBURG 2 N ND US,466.3,48.0355,-98.01,2012392,92,12,0
GHCND:USC00327319,PETERSBURG 2 N ND US,466.3,48.0355,-98.01,2012393,104,159,0
GHCND:USC00327320,PETERSBURG 2 N ND US,466.3,48.0355,-98.01,2012394,143,118,0
GHCND:USC00327321,PETERSBURG 2 N ND US,466.3,48.0355,-98.01,2012395,12,68,0
GHCND:USC00327322,PETERSBURG 2 N ND US,466.3,48.0355,-98.01,2012396,81,111,0
GHCND:USC00327323,PETERSBURG 2 N ND US,466.3,48.0355,-98.01,2012397,154,180,0
GHCND:USC00327324,PETERSBURG 2 N ND US,466.3,48.0355,-98.01,2012398,126,119,0
GHCND:USC00327325,PETERSBURG 2 N ND US,466.3,48.0355,-98.01,2012399,169,153,0
GHCND:USC00327326,PETERSBURG 2 N ND US,466.3,48.0355,-98.01,2012400,14,115,0
GHCND:USC00327327,PETERSBURG 2 N ND US,466.3,48.0355,-98.01,2012401,49,60,0
GHCND:USC00327328,PETERSBURG 2 N ND US,466.3,48.0355,-98.01,2012402,50,74,0
GHCND:USC00327329,PETERSBURG 2 N ND US,466.3,48.0355,-98.01,2012403,112,64,0
GHCND:USC00327330,PETERSBURG 2 N ND US,466.3,48.0355,-98.01,2012404,53,180,0
GHCND:USC00327331,PETERSBURG 2 N ND US,466.3,48.0355,-98.01,2012405,95,181,0
GHCND:USC00327332,PETERSBURG 2 N ND US,466.3,48.0355,-98.01,2012406,141,66,0
GHCND:USC00327333,PETERSBURG 2 N ND US,466.3,48.0355,-98.01,2012407,131,80,0
GHCND:USC00327334,PETERSBURG 2 N ND US,466.3,48.0355,-98.01,2012408,145,129,0
GHCND:USC00327335,PETERSBURG 2 N ND US,466.3,48.0355,-98.01,2012409,98,97,0
GHCND:USC00327336,PETERSBURG 2 N ND US,466.3,48.0355,-98.01,2012410,68,43,0
GHCND:USC00327337,PETERSBURG 2 N ND US,466.3,48.0355,-98.01,2012411,199,129,0
GHCND:USC00327338,PETERSBURG 2 N ND US,466.3,48.0355,-98.01,2012412,186,186,0
GHCND:USC00327339,PETERSBURG 2 N ND US,466.3,48.0355,-98.01,2012413,119,171,0
GHCND:USC00327340,PETERSBURG 2 N ND US,466.3,48.0355,-98.01,2012414,34,160,0
GHCND:USC00327341,PETERSBURG 2 N ND US,466.3,48.0355,-98.01,2012415,137,163,0
GHCND:USC00327342,PETERSBURG 2 N ND US,466.3,48.0355,-98.01,2012416,148,106,0
GHCND:USC00327343,PETERSBURG 2 N ND US,466.3,48.0355,-98.01,2012417,103,180,0
GHCND:USC00327344,PETERSBURG 2 N ND US,466.3,48.0355,-98.01,2012418,63,62,0
GHCND:USC00327345,PETERSBURG 2 N ND US,466.3,48.0355,-98.01,2012419,58,126,0
GHCND:USC00327346,PETERSBURG 2 N ND US,466.3,48.0355,-98.01,2012420,145,152,0
GHCND:USC00327347,PETERSBURG 2 N ND US,466.3,48.0355,-98.01,2012421,128,139,0
GHCND:USC00327348,PETERSBURG 2 N ND US,466.3,48.0355,-98.01,2012422,132,100,0
GHCND:USC00327349,PETERSBURG 2 N ND US,466.3,48.0355,-98.01,2012423,54,46,0
GHCND:USC00327350,PETERSBURG 2 N ND US,466.3,48.0355,-98.01,2012424,155,121,0
GHCND:USC00327351,PETERSBURG 2 N ND US,466.3,48.0355,-98.01,2012425,45,109,0
GHCND:USC00327352,PETERSBURG 2 N ND US,466.3,48.0355,-98.01,2012426,91,73,0
GHCND:USC00327353,PETERSBURG 2 N ND US,466.3,48.0355,-98.01,2012427,177,49,0
GHCND:USC00327354,PETERSBURG 2 N ND US,466.3,48.0355,-98.01,2012428,67,185,0
GHCND:USC00327355,PETERSBURG 2 N ND US,466.3,48.0355,-98.01,2012429,74,32,0
GHCND:USC00327356,PETERSBURG 2 N ND US,466.3,48.0355,-98.01,2012430,30,21,0
GHCND:USC00327357,PETERSBURG 2 N ND US,466.3,48.0355,-98.01,2012431,60,162,0
GHCND:USC00327358,PETERSBURG 2 N ND US,466.3,48.0355,-98.01,2012432,13,134,0
GHCND:USC00327359,PETERSBURG 2 N ND US,466.3,48.0355,-98.01,2012433,83,200,0
GHCND:USC00327360,PETERSBURG 2 N ND US,466.3,48.0355,-98.01,2012434,130,166,0
GHCND:USC00327361,PETERSBURG 2 N ND US,466.3,48.0355,-98.01,2012435,175,25,0
GHCND:USC00327362,PETERSBURG 2 N ND US,466.3,48.0355,-98.01,2012436,39,161,0
GHCND:USC00327363,PETERSBURG 2 N ND US,466.3,48.0355,-98.01,2012437,106,27,0
GHCND:USC00327364,PETERSBURG 2 N ND US,466.3,48.0355,-98.01,2012438,162,108,0
GHCND:USC00327365,PETERSBURG 2 N ND US,466.3,48.0355,-98.01,2012439,184,144,0
GHCND:USC00327366,PETERSBURG 2 N ND US,466.3,48.0355,-98.01,2012440,59,106,0
GHCND:USC00327367,PETERSBURG 2 N ND US,466.3,48.0355,-98.01,2012441,135,121,0
GHCND:USC00327368,PETERSBURG 2 N ND US,466.3,48.0355,-98.01,2012442,113,177,0
GHCND:USC00327369,PETERSBURG 2 N ND US,466.3,48.0355,-98.01,2012443,88,57,0
GHCND:USC00327370,PETERSBURG 2 N ND US,466.3,48.0355,-98.01,2012444,155,146,0
GHCND:USC00327371,PETERSBURG 2 N ND US,466.3,48.0355,-98.01,2012445,12,82,0
GHCND:USC00327372,PETERSBURG 2 N ND US,466.3,48.0355,-98.01,2012446,38,48,0
GHCND:USC00327373,PETERSBURG 2 N ND US,466.3,48.0355,-98.01,2012447,155,184,0
GHCND:USC00327374,PETERSBURG 2 N ND US,466.3,48.0355,-98.01,2012448,106,75,0
GHCND:USC00327375,PETERSBURG 2 N ND US,466.3,48.0355,-98.01,2012449,178,166,0
GHCND:USC00327376,PETERSBURG 2 N ND US,466.3,48.0355,-98.01,2012450,16,29,0
GHCND:USC00327377,PETERSBURG 2 N ND US,466.3,48.0355,-98.01,2012451,154,91,0
GHCND:USC00327378,PETERSBURG 2 N ND US,466.3,48.0355,-98.01,2012452,164,132,0
GHCND:USC00327379,PETERSBURG 2 N ND US,466.3,48.0355,-98.01,2012453,17,97,0
GHCND:USC00327380,PETERSBURG 2 N ND US,466.3,48.0355,-98.01,2012454,64,94,0
GHCND:USC00327381,PETERSBURG 2 N ND US,466.3,48.0355,-98.01,2012455,44,89,0
GHCND:USC00327382,PETERSBURG 2 N ND US,466.3,48.0355,-98.01,2012456,118,187,0
GHCND:USC00327383,PETERSBURG 2 N ND US,466.3,48.0355,-98.01,2012457,112,161,0
GHCND:USC00327384,PETERSBURG 2 N ND US,466.3,48.0355,-98.01,2012458,15,88,0
GHCND:USC00327385,PETERSBURG 2 N ND US,466.3,48.0355,-98.01,2012459,170,45,0
GHCND:USC00327386,PETERSBURG 2 N ND US,466.3,48.0355,-98.01,2012460,60,46,0
GHCND:USC00327387,PETERSBURG 2 N ND US,466.3,48.0355,-98.01,2012461,200,16,0
GHCND:USC00327388,PETERSBURG 2 N ND US,466.3,48.0355,-98.01,2012462,44,75,0
GHCND:USC00327389,PETERSBURG 2 N ND US,466.3,48.0355,-98.01,2012463,147,126,0
GHCND:USC00327390,PETERSBURG 2 N ND US,466.3,48.0355,-98.01,2012464,156,34,0
GHCND:USC00327391,PETERSBURG 2 N ND US,466.3,48.0355,-98.01,2012465,87,79,0
GHCND:USC00327392,PETERSBURG 2 N ND US,466.3,48.0355,-98.01,2012466,150,166,0
GHCND:USC00327393,PETERSBURG 2 N ND US,466.3,48.0355,-98.01,2012467,25,11,0
GHCND:USC00327394,PETERSBURG 2 N ND US,466.3,48.0355,-98.01,2012468,12,35,0
GHCND:USC00327395,PETERSBURG 2 N ND US,466.3,48.0355,-98.01,2012469,170,156,0
GHCND:USC00327396,PETERSBURG 2 N ND US,466.3,48.0355,-98.01,2012470,59,113,0
GHCND:USC00327397,PETERSBURG 2 N ND US,466.3,48.0355,-98.01,2012471,114,90,0
GHCND:USC00327398,PETERSBURG 2 N ND US,466.3,48.0355,-98.01,2012472,27,167,0
GHCND:USC00327399,PETERSBURG 2 N ND US,466.3,48.0355,-98.01,2012473,99,106,0
GHCND:USC00327400,PETERSBURG 2 N ND US,466.3,48.0355,-98.01,2012474,17,86,0
GHCND:USC00327401,PETERSBURG 2 N ND US,466.3,48.0355,-98.01,2012475,81,101,0
GHCND:USC00327402,PETERSBURG 2 N ND US,466.3,48.0355,-98.01,2012476,59,30,0
GHCND:USC00327403,PETERSBURG 2 N ND US,466.3,48.0355,-98.01,2012477,111,69,0
GHCND:USC00327404,PETERSBURG 2 N ND US,466.3,48.0355,-98.01,2012478,91,116,0
GHCND:USC00327405,PETERSBURG 2 N ND US,466.3,48.0355,-98.01,2012479,144,30,0
GHCND:USC00327406,PETERSBURG 2 N ND US,466.3,48.0355,-98.01,2012480,84,19,0
GHCND:USC00327407,PETERSBURG 2 N ND US,466.3,48.0355,-98.01,2012481,58,40,0
GHCND:USC00327408,PETERSBURG 2 N ND US,466.3,48.0355,-98.01,2012482,137,109,0
GHCND:USC00327409,PETERSBURG 2 N ND US,466.3,48.0355,-98.01,2012483,18,144,0
GHCND:USC00327410,PETERSBURG 2 N ND US,466.3,48.0355,-98.01,2012484,143,51,0
GHCND:USC00327411,PETERSBURG 2 N ND US,466.3,48.0355,-98.01,2012485,21,184,0
GHCND:USC00327412,PETERSBURG 2 N ND US,466.3,48.0355,-98.01,2012486,11,61,0
GHCND:USC00327413,PETERSBURG 2 N ND US,466.3,48.0355,-98.01,2012487,181,65,0
GHCND:USC00327414,PETERSBURG 2 N ND US,466.3,48.0355,-98.01,2012488,197,188,0
GHCND:USC00327415,PETERSBURG 2 N ND US,466.3,48.0355,-98.01,2012489,93,161,0
GHCND:USC00327416,PETERSBURG 2 N ND US,466.3,48.0355,-98.01,2012490,186,137,0
GHCND:USC00327417,PETERSBURG 2 N ND US,466.3,48.0355,-98.01,2012491,27,100,0
GHCND:USC00327418,PETERSBURG 2 N ND US,466.3,48.0355,-98.01,2012492,153,184,0
GHCND:USC00327419,PETERSBURG 2 N ND US,466.3,48.0355,-98.01,2012493,173,28,0
GHCND:USC00327420,PETERSBURG 2 N ND US,466.3,48.0355,-98.01,2012494,168,185,0
GHCND:USC00327421,PETERSBURG 2 N ND US,466.3,48.0355,-98.01,2012495,65,37,0
GHCND:USC00327422,PETERSBURG 2 N ND US,466.3,48.0355,-98.01,2012496,70,57,0
GHCND:USC00327423,PETERSBURG 2 N ND US,466.3,48.0355,-98.01,2012497,40,153,0
GHCND:USC00327424,PETERSBURG 2 N ND US,466.3,48.0355,-98.01,2012498,109,131,0
GHCND:USC00327425,PETERSBURG 2 N ND US,466.3,48.0355,-98.01,2012499,59,162,0
GHCND:USC00327426,PETERSBURG 2 N ND US,466.3,48.0355,-98.01,2012500,70,57,0
GHCND:USC00327427,PETERSBURG 2 N ND US,466.3,48.0355,-98.01,2012501,102,38,0
GHCND:USC00327428,PETERSBURG 2 N ND US,466.3,48.0355,-98.01,2012502,156,31,0
GHCND:USC00327429,PETERSBURG 2 N ND US,466.3,48.0355,-98.01,2012503,176,172,0
GHCND:USC00327430,PETERSBURG 2 N ND US,466.3,48.0355,-98.01,2012504,159,21,0
GHCND:USC00327431,PETERSBURG 2 N ND US,466.3,48.0355,-98.01,2012505,71,47,0
GHCND:USC00327432,PETERSBURG 2 N ND US,466.3,48.0355,-98.01,2012506,124,136,0
GHCND:USC00327433,PETERSBURG 2 N ND US,466.3,48.0355,-98.01,2012507,171,79,0
GHCND:USC00327434,PETERSBURG 2 N ND US,466.3,48.0355,-98.01,2012508,163,179,0
GHCND:USC00327435,PETERSBURG 2 N ND US,466.3,48.0355,-98.01,2012509,48,112,0
GHCND:USC00327436,PETERSBURG 2 N ND US,466.3,48.0355,-98.01,2012510,87,91,0
GHCND:USC00327437,PETERSBURG 2 N ND US,466.3,48.0355,-98.01,2012511,68,50,0
GHCND:USC00327438,PETERSBURG 2 N ND US,466.3,48.0355,-98.01,2012512,138,123,0
GHCND:USC00327439,PETERSBURG 2 N ND US,466.3,48.0355,-98.01,2012513,127,80,0
GHCND:USC00327440,PETERSBURG 2 N ND US,466.3,48.0355,-98.01,2012514,92,72,0
GHCND:USC00327441,PETERSBURG 2 N ND US,466.3,48.0355,-98.01,2012515,27,144,0
GHCND:USC00327442,PETERSBURG 2 N ND US,466.3,48.0355,-98.01,2012516,47,164,0
GHCND:USC00327443,PETERSBURG 2 N ND US,466.3,48.0355,-98.01,2012517,21,45,0
GHCND:USC00327444,PETERSBURG 2 N ND US,466.3,48.0355,-98.01,2012518,88,81,0
GHCND:USC00327445,PETERSBURG 2 N ND US,466.3,48.0355,-98.01,2012519,160,153,0
GHCND:USC00327446,PETERSBURG 2 N ND US,466.3,48.0355,-98.01,2012520,47,160,0
GHCND:USC00327447,PETERSBURG 2 N ND US,466.3,48.0355,-98.01,2012521,143,101,0
GHCND:USC00327448,PETERSBURG 2 N ND US,466.3,48.0355,-98.01,2012522,159,192,0
GHCND:USC00327449,PETERSBURG 2 N ND US,466.3,48.0355,-98.01,2012523,55,56,0
GHCND:USC00327450,PETERSBURG 2 N ND US,466.3,48.0355,-98.01,2012524,158,19,0
GHCND:USC00327451,PETERSBURG 2 N ND US,466.3,48.0355,-98.01,2012525,178,44,0
GHCND:USC00327452,PETERSBURG 2 N ND US,466.3,48.0355,-98.01,2012526,129,200,0
GHCND:USC00327453,PETERSBURG 2 N ND US,466.3,48.0355,-98.01,2012527,105,96,0
GHCND:USC00327454,PETERSBURG 2 N ND US,466.3,48.0355,-98.01,2012528,63,122,0
GHCND:USC00327455,PETERSBURG 2 N ND US,466.3,48.0355,-98.01,2012529,48,62,0
GHCND:USC00327456,PETERSBURG 2 N ND US,466.3,48.0355,-98.01,2012530,129,133,0
GHCND:USC00327457,PETERSBURG 2 N ND US,466.3,48.0355,-98.01,2012531,156,190,0
GHCND:USC00327458,PETERSBURG 2 N ND US,466.3,48.0355,-98.01,2012532,104,164,0
GHCND:USC00327459,PETERSBURG 2 N ND US,466.3,48.0355,-98.01,2012533,96,100,0
GHCND:USC00327460,PETERSBURG 2 N ND US,466.3,48.0355,-98.01,2012534,84,161,0
GHCND:USC00327461,PETERSBURG 2 N ND US,466.3,48.0355,-98.01,2012535,18,54,0
GHCND:USC00327462,PETERSBURG 2 N ND US,466.3,48.0355,-98.01,2012536,16,190,0
GHCND:USC00327463,PETERSBURG 2 N ND US,466.3,48.0355,-98.01,2012537,141,87,0
GHCND:USC00327464,PETERSBURG 2 N ND US,466.3,48.0355,-98.01,2012538,194,106,0
GHCND:USC00327465,PETERSBURG 2 N ND US,466.3,48.0355,-98.01,2012539,112,83,0
GHCND:USC00327466,PETERSBURG 2 N ND US,466.3,48.0355,-98.01,2012540,189,72,0
GHCND:USC00327467,PETERSBURG 2 N ND US,466.3,48.0355,-98.01,2012541,145,128,0
GHCND:USC00327468,PETERSBURG 2 N ND US,466.3,48.0355,-98.01,2012542,132,110,0
GHCND:USC00327469,PETERSBURG 2 N ND US,466.3,48.0355,-98.01,2012543,131,25,0
GHCND:USC00327470,PETERSBURG 2 N ND US,466.3,48.0355,-98.01,2012544,124,134,0
GHCND:USC00327471,PETERSBURG 2 N ND US,466.3,48.0355,-98.01,2012545,126,69,0
GHCND:USC00327472,PETERSBURG 2 N ND US,466.3,48.0355,-98.01,2012546,68,113,0
GHCND:USC00327473,PETERSBURG 2 N ND US,466.3,48.0355,-98.01,2012547,105,59,0
GHCND:USC00327474,PETERSBURG 2 N ND US,466.3,48.0355,-98.01,2012548,58,55,0
GHCND:USC00327475,PETERSBURG 2 N ND US,466.3,48.0355,-98.01,2012549,145,78,0
GHCND:USC00327476,PETERSBURG 2 N ND US,466.3,48.0355,-98.01,2012550,153,79,0
GHCND:USC00327477,PETERSBURG 2 N ND US,466.3,48.0355,-98.01,2012551,173,143,0
GHCND:USC00327478,PETERSBURG 2 N ND US,466.3,48.0355,-98.01,2012552,20,179,0
GHCND:USC00327479,PETERSBURG 2 N ND US,466.3,48.0355,-98.01,2012553,157,144,0
GHCND:USC00327480,PETERSBURG 2 N ND US,466.3,48.0355,-98.01,2012554,56,139,0
GHCND:USC00327481,PETERSBURG 2 N ND US,466.3,48.0355,-98.01,2012555,12,192,0
GHCND:USC00327482,PETERSBURG 2 N ND US,466.3,48.0355,-98.01,2012556,160,98,0
GHCND:USC00327483,PETERSBURG 2 N ND US,466.3,48.0355,-98.01,2012557,185,22,0
GHCND:USC00327484,PETERSBURG 2 N ND US,466.3,48.0355,-98.01,2012558,157,169,0
GHCND:USC00327485,PETERSBURG 2 N ND US,466.3,48.0355,-98.01,2012559,33,33,0
GHCND:USC00327486,PETERSBURG 2 N ND US,466.3,48.0355,-98.01,2012560,122,12,0
GHCND:USC00327487,PETERSBURG 2 N ND US,466.3,48.0355,-98.01,2012561,140,186,0
GHCND:USC00327488,PETERSBURG 2 N ND US,466.3,48.0355,-98.01,2012562,106,193,0
GHCND:USC00327489,PETERSBURG 2 N ND US,466.3,48.0355,-98.01,2012563,163,120,0
GHCND:USC00327490,PETERSBURG 2 N ND US,466.3,48.0355,-98.01,2012564,55,46,0
GHCND:USC00327491,PETERSBURG 2 N ND US,466.3,48.0355,-98.01,2012565,84,158,0
GHCND:USC00327492,PETERSBURG 2 N ND US,466.3,48.0355,-98.01,2012566,130,70,0
GHCND:USC00327493,PETERSBURG 2 N ND US,466.3,48.0355,-98.01,2012567,88,115,0
GHCND:USC00327494,PETERSBURG 2 N ND US,466.3,48.0355,-98.01,2012568,180,173,0
GHCND:USC00327495,PETERSBURG 2 N ND US,466.3,48.0355,-98.01,2012569,177,116,0
GHCND:USC00327496,PETERSBURG 2 N ND US,466.3,48.0355,-98.01,2012570,130,47,0
GHCND:USC00327497,PETERSBURG 2 N ND US,466.3,48.0355,-98.01,2012571,150,32,0
GHCND:USC00327498,PETERSBURG 2 N ND US,466.3,48.0355,-98.01,2012572,33,184,0
GHCND:USC00327499,PETERSBURG 2 N ND US,466.3,48.0355,-98.01,2012573,29,11,0
GHCND:USC00327500,PETERSBURG 2 N ND US,466.3,48.0355,-98.01,2012574,106,13,0
GHCND:USC00327501,PETERSBURG 2 N ND US,466.3,48.0355,-98.01,2012575,109,141,0
GHCND:USC00327502,PETERSBURG 2 N ND US,466.3,48.0355,-98.01,2012576,32,46,0
GHCND:USC00327503,PETERSBURG 2 N ND US,466.3,48.0355,-98.01,2012577,175,66,0
GHCND:USC00327504,PETERSBURG 2 N ND US,466.3,48.0355,-98.01,2012578,136,139,0
GHCND:USC00327505,PETERSBURG 2 N ND US,466.3,48.0355,-98.01,2012579,10,60,0
GHCND:USC00327506,PETERSBURG 2 N ND US,466.3,48.0355,-98.01,2012580,124,172,0
GHCND:USC00327507,PETERSBURG 2 N ND US,466.3,48.0355,-98.01,2012581,86,43,0
GHCND:USC00327508,PETERSBURG 2 N ND US,466.3,48.0355,-98.01,2012582,16,88,0
GHCND:USC00327509,PETERSBURG 2 N ND US,466.3,48.0355,-98.01,2012583,76,191,0
GHCND:USC00327510,PETERSBURG 2 N ND US,466.3,48.0355,-98.01,2012584,47,67,0
GHCND:USC00327511,PETERSBURG 2 N ND US,466.3,48.0355,-98.01,2012585,53,187,0
GHCND:USC00327512,PETERSBURG 2 N ND US,466.3,48.0355,-98.01,2012586,67,152,0
GHCND:USC00327513,PETERSBURG 2 N ND US,466.3,48.0355,-98.01,2012587,129,139,0
GHCND:USC00327514,PETERSBURG 2 N ND US,466.3,48.0355,-98.01,2012588,74,55,0
GHCND:USC00327515,PETERSBURG 2 N ND US,466.3,48.0355,-98.01,2012589,151,71,0
GHCND:USC00327516,PETERSBURG 2 N ND US,466.3,48.0355,-98.01,2012590,21,108,0
GHCND:USC00327517,PETERSBURG 2 N ND US,466.3,48.0355,-98.01,2012591,76,200,0
GHCND:USC00327518,PETERSBURG 2 N ND US,466.3,48.0355,-98.01,2012592,149,92,0
GHCND:USC00327519,PETERSBURG 2 N ND US,466.3,48.0355,-98.01,2012593,19,76,0
GHCND:USC00327520,PETERSBURG 2 N ND US,466.3,48.0355,-98.01,2012594,106,119,0
GHCND:USC00327521,PETERSBURG 2 N ND US,466.3,48.0355,-98.01,2012595,33,171,0
GHCND:USC00327522,PETERSBURG 2 N ND US,466.3,48.0355,-98.01,2012596,132,20,0
GHCND:USC00327523,PETERSBURG 2 N ND US,466.3,48.0355,-98.01,2012597,13,24,0
GHCND:USC00327524,PETERSBURG 2 N ND US,466.3,48.0355,-98.01,2012598,80,165,0
GHCND:USC00327525,PETERSBURG 2 N ND US,466.3,48.0355,-98.01,2012599,176,185,0
GHCND:USC00327526,PETERSBURG 2 N ND US,466.3,48.0355,-98.01,2012600,110,156,0
GHCND:USC00327527,PETERSBURG 2 N ND US,466.3,48.0355,-98.01,2012601,153,153,0
GHCND:USC00327528,PETERSBURG 2 N ND US,466.3,48.0355,-98.01,2012602,177,58,0
GHCND:USC00327529,PETERSBURG 2 N ND US,466.3,48.0355,-98.01,2012603,103,47,0
GHCND:USC00327530,PETERSBURG 2 N ND US,466.3,48.0355,-98.01,2012604,95,32,0
GHCND:USC00327531,PETERSBURG 2 N ND US,466.3,48.0355,-98.01,2012605,178,31,0
GHCND:USC00327532,PETERSBURG 2 N ND US,466.3,48.0355,-98.01,2012606,34,132,0
GHCND:USC00327533,PETERSBURG 2 N ND US,466.3,48.0355,-98.01,2012607,144,16,0
GHCND:USC00327534,PETERSBURG 2 N ND US,466.3,48.0355,-98.01,2012608,15,130,0
GHCND:USC00327535,PETERSBURG 2 N ND US,466.3,48.0355,-98.01,2012609,103,118,0
GHCND:USC00327536,PETERSBURG 2 N ND US,466.3,48.0355,-98.01,2012610,95,34,0
GHCND:USC00327537,PETERSBURG 2 N ND US,466.3,48.0355,-98.01,2012611,30,75,0
GHCND:USC00327538,PETERSBURG 2 N ND US,466.3,48.0355,-98.01,2012612,51,29,0
GHCND:USC00327539,PETERSBURG 2 N ND US,466.3,48.0355,-98.01,2012613,37,200,0
GHCND:USC00327540,PETERSBURG 2 N ND US,466.3,48.0355,-98.01,2012614,183,94,0
GHCND:USC00327541,PETERSBURG 2 N ND US,466.3,48.0355,-98.01,2012615,107,100,0
GHCND:USC00327542,PETERSBURG 2 N ND US,466.3,48.0355,-98.01,2012616,71,48,0
GHCND:USC00327543,PETERSBURG 2 N ND US,466.3,48.0355,-98.01,2012617,96,11,0
GHCND:USC00327544,PETERSBURG 2 N ND US,466.3,48.0355,-98.01,2012618,21,44,0
GHCND:USC00327545,PETERSBURG 2 N ND US,466.3,48.0355,-98.01,2012619,21,127,0
GHCND:USC00327546,PETERSBURG 2 N ND US,466.3,48.0355,-98.01,2012620,153,146,0
GHCND:USC00327547,PETERSBURG 2 N ND US,466.3,48.0355,-98.01,2012621,165,175,0
GHCND:USC00327548,PETERSBURG 2 N ND US,466.3,48.0355,-98.01,2012622,193,106,0
GHCND:USC00327549,PETERSBURG 2 N ND US,466.3,48.0355,-98.01,2012623,197,75,0
GHCND:USC00327550,PETERSBURG 2 N ND US,466.3,48.0355,-98.01,2012624,14,172,0
GHCND:USC00327551,PETERSBURG 2 N ND US,466.3,48.0355,-98.01,2012625,24,26,0
GHCND:USC00327552,PETERSBURG 2 N ND US,466.3,48.0355,-98.01,2012626,31,157,0
GHCND:USC00327553,PETERSBURG 2 N ND US,466.3,48.0355,-98.01,2012627,172,88,0
GHCND:USC00327554,PETERSBURG 2 N ND US,466.3,48.0355,-98.01,2012628,132,100,0
GHCND:USC00327555,PETERSBURG 2 N ND US,466.3,48.0355,-98.01,2012629,45,161,0
GHCND:USC00327556,PETERSBURG 2 N ND US,466.3,48.0355,-98.01,2012630,51,62,0
GHCND:USC00327557,PETERSBURG 2 N ND US,466.3,48.0355,-98.01,2012631,117,80,0
GHCND:USC00327558,PETERSBURG 2 N ND US,466.3,48.0355,-98.01,2012632,117,150,0
GHCND:USC00327559,PETERSBURG 2 N ND US,466.3,48.0355,-98.01,2012633,118,41,0
GHCND:USC00327560,PETERSBURG 2 N ND US,466.3,48.0355,-98.01,2012634,71,61,0
GHCND:USC00327561,PETERSBURG 2 N ND US,466.3,48.0355,-98.01,2012635,40,22,0
GHCND:USC00327562,PETERSBURG 2 N ND US,466.3,48.0355,-98.01,2012636,96,126,0
GHCND:USC00327563,PETERSBURG 2 N ND US,466.3,48.0355,-98.01,2012637,24,167,0
GHCND:USC00327564,PETERSBURG 2 N ND US,466.3,48.0355,-98.01,2012638,33,181,0
GHCND:USC00327565,PETERSBURG 2 N ND US,466.3,48.0355,-98.01,2012639,181,138,0
GHCND:USC00327566,PETERSBURG 2 N ND US,466.3,48.0355,-98.01,2012640,181,192,0
GHCND:USC00327567,PETERSBURG 2 N ND US,466.3,48.0355,-98.01,2012641,156,105,0
GHCND:USC00327568,PETERSBURG 2 N ND US,466.3,48.0355,-98.01,2012642,194,160,0
GHCND:USC00327569,PETERSBURG 2 N ND US,466.3,48.0355,-98.01,2012643,13,189,0
GHCND:USC00327570,PETERSBURG 2 N ND US,466.3,48.0355,-98.01,2012644,52,108,0
GHCND:USC00327571,PETERSBURG 2 N ND US,466.3,48.0355,-98.01,2012645,74,87,0
GHCND:USC00327572,PETERSBURG 2 N ND US,466.3,48.0355,-98.01,2012646,21,177,0
GHCND:USC00327573,PETERSBURG 2 N ND US,466.3,48.0355,-98.01,2012647,187,116,0
GHCND:USC00327574,PETERSBURG 2 N ND US,466.3,48.0355,-98.01,2012648,72,109,0
GHCND:USC00327575,PETERSBURG 2 N ND US,466.3,48.0355,-98.01,2012649,128,64,0
GHCND:USC00327576,PETERSBURG 2 N ND US,466.3,48.0355,-98.01,2012650,117,116,0
GHCND:USC00327577,PETERSBURG 2 N ND US,466.3,48.0355,-98.01,2012651,123,156,0
GHCND:USC00327578,PETERSBURG 2 N ND US,466.3,48.0355,-98.01,2012652,28,120,0
GHCND:USC00327579,PETERSBURG 2 N ND US,466.3,48.0355,-98.01,2012653,112,51,0
GHCND:USC00327580,PETERSBURG 2 N ND US,466.3,48.0355,-98.01,2012654,173,99,0
GHCND:USC00327581,PETERSBURG 2 N ND US,466.3,48.0355,-98.01,2012655,31,158,0
GHCND:USC00327582,PETERSBURG 2 N ND US,466.3,48.0355,-98.01,2012656,117,47,0
GHCND:USC00327583,PETERSBURG 2 N ND US,466.3,48.0355,-98.01,2012657,140,94,0
GHCND:USC00327584,PETERSBURG 2 N ND US,466.3,48.0355,-98.01,2012658,12,147,0
GHCND:USC00327585,PETERSBURG 2 N ND US,466.3,48.0355,-98.01,2012659,185,131,0
GHCND:USC00327586,PETERSBURG 2 N ND US,466.3,48.0355,-98.01,2012660,49,130,0
GHCND:USC00327587,PETERSBURG 2 N ND US,466.3,48.0355,-98.01,2012661,80,86,0
GHCND:USC00327588,PETERSBURG 2 N ND US,466.3,48.0355,-98.01,2012662,24,47,0
GHCND:USC00327589,PETERSBURG 2 N ND US,466.3,48.0355,-98.01,2012663,89,183,0
GHCND:USC00327590,PETERSBURG 2 N ND US,466.3,48.0355,-98.01,2012664,135,14,0
GHCND:USC00327591,PETERSBURG 2 N ND US,466.3,48.0355,-98.01,2012665,63,13,0
GHCND:USC00327592,PETERSBURG 2 N ND US,466.3,48.0355,-98.01,2012666,140,14,0
GHCND:USC00327593,PETERSBURG 2 N ND US,466.3,48.0355,-98.01,2012667,87,125,0
GHCND:USC00327594,PETERSBURG 2 N ND US,466.3,48.0355,-98.01,2012668,64,36,0
GHCND:USC00327595,PETERSBURG 2 N ND US,466.3,48.0355,-98.01,2012669,141,71,0
GHCND:USC00327596,PETERSBURG 2 N ND US,466.3,48.0355,-98.01,2012670,115,17,0
GHCND:USC00327597,PETERSBURG 2 N ND US,466.3,48.0355,-98.01,2012671,178,153,0
GHCND:USC00327598,PETERSBURG 2 N ND US,466.3,48.0355,-98.01,2012672,103,15,0
GHCND:USC00327599,PETERSBURG 2 N ND US,466.3,48.0355,-98.01,2012673,167,32,0
GHCND:USC00327600,PETERSBURG 2 N ND US,466.3,48.0355,-98.01,2012674,165,12,0
GHCND:USC00327601,PETERSBURG 2 N ND US,466.3,48.0355,-98.01,2012675,114,112,0
GHCND:USC00327602,PETERSBURG 2 N ND US,466.3,48.0355,-98.01,2012676,166,13,0
GHCND:USC00327603,PETERSBURG 2 N ND US,466.3,48.0355,-98.01,2012677,81,47,0
GHCND:USC00327604,PETERSBURG 2 N ND US,466.3,48.0355,-98.01,2012678,138,145,0
GHCND:USC00327605,PETERSBURG 2 N ND US,466.3,48.0355,-98.01,2012679,29,180,0
GHCND:USC00327606,PETERSBURG 2 N ND US,466.3,48.0355,-98.01,2012680,12,72,0
GHCND:USC00327607,PETERSBURG 2 N ND US,466.3,48.0355,-98.01,2012681,163,12,0
GHCND:USC00327608,PETERSBURG 2 N ND US,466.3,48.0355,-98.01,2012682,35,101,0
GHCND:USC00327609,PETERSBURG 2 N ND US,466.3,48.0355,-98.01,2012683,121,137,0
GHCND:USC00327610,PETERSBURG 2 N ND US,466.3,48.0355,-98.01,2012684,125,91,0
GHCND:USC00327611,PETERSBURG 2 N ND US,466.3,48.0355,-98.01,2012685,11,78,0
GHCND:USC00327612,PETERSBURG 2 N ND US,466.3,48.0355,-98.01,2012686,38,53,0
GHCND:USC00327613,PETERSBURG 2 N ND US,466.3,48.0355,-98.01,2012687,55,27,0
GHCND:USC00327614,PETERSBURG 2 N ND US,466.3,48.0355,-98.01,2012688,123,59,0
GHCND:USC00327615,PETERSBURG 2 N ND US,466.3,48.0355,-98.01,2012689,127,31,0
GHCND:USC00327616,PETERSBURG 2 N ND US,466.3,48.0355,-98.01,2012690,27,189,0
GHCND:USC00327617,PETERSBURG 2 N ND US,466.3,48.0355,-98.01,2012691,140,196,0
GHCND:USC00327618,PETERSBURG 2 N ND US,466.3,48.0355,-98.01,2012692,29,99,0
GHCND:USC00327619,PETERSBURG 2 N ND US,466.3,48.0355,-98.01,2012693,196,83,0
GHCND:USC00327620,PETERSBURG 2 N ND US,466.3,48.0355,-98.01,2012694,78,66,0
GHCND:USC00327621,PETERSBURG 2 N ND US,466.3,48.0355,-98.01,2012695,176,138,0
GHCND:USC00327622,PETERSBURG 2 N ND US,466.3,48.0355,-98.01,2012696,114,77,0
GHCND:USC00327623,PETERSBURG 2 N ND US,466.3,48.0355,-98.01,2012697,153,159,0
GHCND:USC00327624,PETERSBURG 2 N ND US,466.3,48.0355,-98.01,2012698,23,40,0
GHCND:USC00327625,PETERSBURG 2 N ND US,466.3,48.0355,-98.01,2012699,170,57,0
GHCND:USC00327626,PETERSBURG 2 N ND US,466.3,48.0355,-98.01,2012700,25,79,0
GHCND:USC00327627,PETERSBURG 2 N ND US,466.3,48.0355,-98.01,2012701,77,127,0
GHCND:USC00327628,PETERSBURG 2 N ND US,466.3,48.0355,-98.01,2012702,138,102,0
GHCND:USC00327629,PETERSBURG 2 N ND US,466.3,48.0355,-98.01,2012703,57,189,0
GHCND:USC00327630,PETERSBURG 2 N ND US,466.3,48.0355,-98.01,2012704,43,43,0
GHCND:USC00327631,PETERSBURG 2 N ND US,466.3,48.0355,-98.01,2012705,124,187,0
GHCND:USC00327632,PETERSBURG 2 N ND US,466.3,48.0355,-98.01,2012706,176,122,0
GHCND:USC00327633,PETERSBURG 2 N ND US,466.3,48.0355,-98.01,2012707,153,126,0
GHCND:USC00327634,PETERSBURG 2 N ND US,466.3,48.0355,-98.01,2012708,169,193,0
GHCND:USC00327635,PETERSBURG 2 N ND US,466.3,48.0355,-98.01,2012709,111,107,0
GHCND:USC00327636,PETERSBURG 2 N ND US,466.3,48.0355,-98.01,2012710,15,160,0
GHCND:USC00327637,PETERSBURG 2 N ND US,466.3,48.0355,-98.01,2012711,115,57,0
GHCND:USC00327638,PETERSBURG 2 N ND US,466.3,48.0355,-98.01,2012712,100,144,0
GHCND:USC00327639,PETERSBURG 2 N ND US,466.3,48.0355,-98.01,2012713,136,53,0
GHCND:USC00327640,PETERSBURG 2 N ND US,466.3,48.0355,-98.01,2012714,73,189,0
GHCND:USC00327641,PETERSBURG 2 N ND US,466.3,48.0355,-98.01,2012715,16,14,0
GHCND:USC00327642,PETERSBURG 2 N ND US,466.3,48.0355,-98.01,2012716,53,42,0
GHCND:USC00327643,PETERSBURG 2 N ND US,466.3,48.0355,-98.01,2012717,128,192,0
GHCND:USC00327644,PETERSBURG 2 N ND US,466.3,48.0355,-98.01,2012718,117,157,0
GHCND:USC00327645,PETERSBURG 2 N ND US,466.3,48.0355,-98.01,2012719,97,66,0
GHCND:USC00327646,PETERSBURG 2 N ND US,466.3,48.0355,-98.01,2012720,35,187,0
GHCND:USC00327647,PETERSBURG 2 N ND US,466.3,48.0355,-98.01,2012721,146,129,0
GHCND:USC00327648,PETERSBURG 2 N ND US,466.3,48.0355,-98.01,2012722,162,82,0
GHCND:USC00327649,PETERSBURG 2 N ND US,466.3,48.0355,-98.01,2012723,165,63,0
GHCND:USC00327650,PETERSBURG 2 N ND US,466.3,48.0355,-98.01,2012724,183,68,0
GHCND:USC00327651,PETERSBURG 2 N ND US,466.3,48.0355,-98.01,2012725,53,192,0
GHCND:USC00327652,PETERSBURG 2 N ND US,466.3,48.0355,-98.01,2012726,19,103,0
GHCND:USC00327653,PETERSBURG 2 N ND US,466.3,48.0355,-98.01,2012727,59,106,0
GHCND:USC00327654,PETERSBURG 2 N ND US,466.3,48.0355,-98.01,2012728,132,55,0
GHCND:USC00327655,PETERSBURG 2 N ND US,466.3,48.0355,-98.01,2012729,149,14,0
GHCND:USC00327656,PETERSBURG 2 N ND US,466.3,48.0355,-98.01,2012730,83,34,0
GHCND:USC00327657,PETERSBURG 2 N ND US,466.3,48.0355,-98.01,2012731,160,30,0
GHCND:USC00327658,PETERSBURG 2 N ND US,466.3,48.0355,-98.01,2012732,126,40,0
GHCND:USC00327659,PETERSBURG 2 N ND US,466.3,48.0355,-98.01,2012733,166,118,0
GHCND:USC00327660,PETERSBURG 2 N ND US,466.3,48.0355,-98.01,2012734,54,49,0
GHCND:USC00327661,PETERSBURG 2 N ND US,466.3,48.0355,-98.01,2012735,129,197,0
GHCND:USC00327662,PETERSBURG 2 N ND US,466.3,48.0355,-98.01,2012736,70,90,0
GHCND:USC00327663,PETERSBURG 2 N ND US,466.3,48.0355,-98.01,2012737,170,197,0
GHCND:USC00327664,PETERSBURG 2 N ND US,466.3,48.0355,-98.01,2012738,157,141,0
GHCND:USC00327665,PETERSBURG 2 N ND US,466.3,48.0355,-98.01,2012739,76,194,0
GHCND:USC00327666,PETERSBURG 2 N ND US,466.3,48.0355,-98.01,2012740,27,78,0
GHCND:USC00327667,PETERSBURG 2 N ND US,466.3,48.0355,-98.01,2012741,107,17,0
GHCND:USC00327668,PETERSBURG 2 N ND US,466.3,48.0355,-98.01,2012742,118,161,0
GHCND:USC00327669,PETERSBURG 2 N ND US,466.3,48.0355,-98.01,2012743,40,194,0
GHCND:USC00327670,PETERSBURG 2 N ND US,466.3,48.0355,-98.01,2012744,106,15,0
GHCND:USC00327671,PETERSBURG 2 N ND US,466.3,48.0355,-98.01,2012745,153,60,0
GHCND:USC00327672,PETERSBURG 2 N ND US,466.3,48.0355,-98.01,2012746,132,18,0
GHCND:USC00327673,PETERSBURG 2 N ND US,466.3,48.0355,-98.01,2012747,185,31,0
GHCND:USC00327674,PETERSBURG 2 N ND US,466.3,48.0355,-98.01,2012748,82,110,0
GHCND:USC00327675,PETERSBURG 2 N ND US,466.3,48.0355,-98.01,2012749,166,167,0
GHCND:USC00327676,PETERSBURG 2 N ND US,466.3,48.0355,-98.01,2012750,131,131,0
GHCND:USC00327677,PETERSBURG 2 N ND US,466.3,48.0355,-98.01,2012751,25,197,0
GHCND:USC00327678,PETERSBURG 2 N ND US,466.3,48.0355,-98.01,2012752,29,59,0
GHCND:USC00327679,PETERSBURG 2 N ND US,466.3,48.0355,-98.01,2012753,142,29,0
GHCND:USC00327680,PETERSBURG 2 N ND US,466.3,48.0355,-98.01,2012754,14,37,0
GHCND:USC00327681,PETERSBURG 2 N ND US,466.3,48.0355,-98.01,2012755,150,17,0
GHCND:USC00327682,PETERSBURG 2 N ND US,466.3,48.0355,-98.01,2012756,198,108,0
GHCND:USC00327683,PETERSBURG 2 N ND US,466.3,48.0355,-98.01,2012757,191,62,0
GHCND:USC00327684,PETERSBURG 2 N ND US,466.3,48.0355,-98.01,2012758,152,81,0
GHCND:USC00327685,PETERSBURG 2 N ND US,466.3,48.0355,-98.01,2012759,186,15,0
GHCND:USC00327686,PETERSBURG 2 N ND US,466.3,48.0355,-98.01,2012760,89,122,0
GHCND:USC00327687,PETERSBURG 2 N ND US,466.3,48.0355,-98.01,2012761,152,57,0
GHCND:USC00327688,PETERSBURG 2 N ND US,466.3,48.0355,-98.01,2012762,197,175,0
GHCND:USC00327689,PETERSBURG 2 N ND US,466.3,48.0355,-98.01,2012763,110,182,0
GHCND:USC00327690,PETERSBURG 2 N ND US,466.3,48.0355,-98.01,2012764,182,142,0
GHCND:USC00327691,PETERSBURG 2 N ND US,466.3,48.0355,-98.01,2012765,21,109,0
GHCND:USC00327692,PETERSBURG 2 N ND US,466.3,48.0355,-98.01,2012766,111,149,0
GHCND:USC00327693,PETERSBURG 2 N ND US,466.3,48.0355,-98.01,2012767,71,123,0
GHCND:USC00327694,PETERSBURG 2 N ND US,466.3,48.0355,-98.01,2012768,174,55,0
GHCND:USC00327695,PETERSBURG 2 N ND US,466.3,48.0355,-98.01,2012769,128,104,0
GHCND:USC00327696,PETERSBURG 2 N ND US,466.3,48.0355,-98.01,2012770,150,126,0
GHCND:USC00327697,PETERSBURG 2 N ND US,466.3,48.0355,-98.01,2012771,184,27,0
GHCND:USC00327698,PETERSBURG 2 N ND US,466.3,48.0355,-98.01,2012772,179,65,0
GHCND:USC00327699,PETERSBURG 2 N ND US,466.3,48.0355,-98.01,2012773,46,155,0
GHCND:USC00327700,PETERSBURG 2 N ND US,466.3,48.0355,-98.01,2012774,84,69,0
GHCND:USC00327701,PETERSBURG 2 N ND US,466.3,48.0355,-98.01,2012775,195,171,0
GHCND:USC00327702,PETERSBURG 2 N ND US,466.3,48.0355,-98.01,2012776,62,57,0
GHCND:USC00327703,PETERSBURG 2 N ND US,466.3,48.0355,-98.01,2012777,58,162,0
GHCND:USC00327704,PETERSBURG 2 N ND US,466.3,48.0355,-98.01,2012778,198,154,0
GHCND:USC00327705,PETERSBURG 2 N ND US,466.3,48.0355,-98.01,2012779,99,179,0
GHCND:USC00327706,PETERSBURG 2 N ND US,466.3,48.0355,-98.01,2012780,135,146,0
GHCND:USC00327707,PETERSBURG 2 N ND US,466.3,48.0355,-98.01,2012781,111,192,0
GHCND:USC00327708,PETERSBURG 2 N ND US,466.3,48.0355,-98.01,2012782,18,181,0
GHCND:USC00327709,PETERSBURG 2 N ND US,466.3,48.0355,-98.01,2012783,64,103,0
GHCND:USC00327710,PETERSBURG 2 N ND US,466.3,48.0355,-98.01,2012784,65,185,0
GHCND:USC00327711,PETERSBURG 2 N ND US,466.3,48.0355,-98.01,2012785,90,86,0
GHCND:USC00327712,PETERSBURG 2 N ND US,466.3,48.0355,-98.01,2012786,91,41,0
GHCND:USC00327713,PETERSBURG 2 N ND US,466.3,48.0355,-98.01,2012787,184,89,0
GHCND:USC00327714,PETERSBURG 2 N ND US,466.3,48.0355,-98.01,2012788,197,178,0
GHCND:USC00327715,PETERSBURG 2 N ND US,466.3,48.0355,-98.01,2012789,162,123,0
GHCND:USC00327716,PETERSBURG 2 N ND US,466.3,48.0355,-98.01,2012790,165,111,0
GHCND:USC00327717,PETERSBURG 2 N ND US,466.3,48.0355,-98.01,2012791,130,182,0
GHCND:USC00327718,PETERSBURG 2 N ND US,466.3,48.0355,-98.01,2012792,100,184,0
GHCND:USC00327719,PETERSBURG 2 N ND US,466.3,48.0355,-98.01,2012793,26,172,0
GHCND:USC00327720,PETERSBURG 2 N ND US,466.3,48.0355,-98.01,2012794,99,13,0
GHCND:USC00327721,PETERSBURG 2 N ND US,466.3,48.0355,-98.01,2012795,107,77,0
GHCND:USC00327722,PETERSBURG 2 N ND US,466.3,48.0355,-98.01,2012796,149,104,0
GHCND:USC00327723,PETERSBURG 2 N ND US,466.3,48.0355,-98.01,2012797,39,121,0
GHCND:USC00327724,PETERSBURG 2 N ND US,466.3,48.0355,-98.01,2012798,139,101,0
GHCND:USC00327725,PETERSBURG 2 N ND US,466.3,48.0355,-98.01,2012799,85,80,0
GHCND:USC00327726,PETERSBURG 2 N ND US,466.3,48.0355,-98.01,2012800,200,78,0
GHCND:USC00327727,PETERSBURG 2 N ND US,466.3,48.0355,-98.01,2012801,129,118,0
GHCND:USC00327728,PETERSBURG 2 N ND US,466.3,48.0355,-98.01,2012802,64,38,0
GHCND:USC00327729,PETERSBURG 2 N ND US,466.3,48.0355,-98.01,2012803,34,16,0
GHCND:USC00327730,PETERSBURG 2 N ND US,466.3,48.0355,-98.01,2012804,171,88,0
GHCND:USC00327731,PETERSBURG 2 N ND US,466.3,48.0355,-98.01,2012805,26,68,0
GHCND:USC00327732,PETERSBURG 2 N ND US,466.3,48.0355,-98.01,2012806,156,155,0
GHCND:USC00327733,PETERSBURG 2 N ND US,466.3,48.0355,-98.01,2012807,106,44,0
GHCND:USC00327734,PETERSBURG 2 N ND US,466.3,48.0355,-98.01,2012808,85,22,0
GHCND:USC00327735,PETERSBURG 2 N ND US,466.3,48.0355,-98.01,2012809,24,71,0
GHCND:USC00327736,PETERSBURG 2 N ND US,466.3,48.0355,-98.01,2012810,135,198,0
GHCND:USC00327737,PETERSBURG 2 N ND US,466.3,48.0355,-98.01,2012811,93,194,0
GHCND:USC00327738,PETERSBURG 2 N ND US,466.3,48.0355,-98.01,2012812,111,77,0
GHCND:USC00327739,PETERSBURG 2 N ND US,466.3,48.0355,-98.01,2012813,42,152,0
GHCND:USC00327740,PETERSBURG 2 N ND US,466.3,48.0355,-98.01,2012814,22,46,0
GHCND:USC00327741,PETERSBURG 2 N ND US,466.3,48.0355,-98.01,2012815,101,39,0
GHCND:USC00327742,PETERSBURG 2 N ND US,466.3,48.0355,-98.01,2012816,30,158,0
GHCND:USC00327743,PETERSBURG 2 N ND US,466.3,48.0355,-98.01,2012817,190,65,0
GHCND:USC00327744,PETERSBURG 2 N ND US,466.3,48.0355,-98.01,2012818,93,117,0
GHCND:USC00327745,PETERSBURG 2 N ND US,466.3,48.0355,-98.01,2012819,184,165,0
GHCND:USC00327746,PETERSBURG 2 N ND US,466.3,48.0355,-98.01,2012820,139,187,0
GHCND:USC00327747,PETERSBURG 2 N ND US,466.3,48.0355,-98.01,2012821,43,169,0
GHCND:USC00327748,PETERSBURG 2 N ND US,466.3,48.0355,-98.01,2012822,34,119,0
GHCND:USC00327749,PETERSBURG 2 N ND US,466.3,48.0355,-98.01,2012823,16,67,0
GHCND:USC00327750,PETERSBURG 2 N ND US,466.3,48.0355,-98.01,2012824,59,109,0
GHCND:USC00327751,PETERSBURG 2 N ND US,466.3,48.0355,-98.01,2012825,138,82,0
GHCND:USC00327752,PETERSBURG 2 N ND US,466.3,48.0355,-98.01,2012826,196,50,0
GHCND:USC00327753,PETERSBURG 2 N ND US,466.3,48.0355,-98.01,2012827,10,127,0
GHCND:USC00327754,PETERSBURG 2 N ND US,466.3,48.0355,-98.01,2012828,100,122,0
GHCND:USC00327755,PETERSBURG 2 N ND US,466.3,48.0355,-98.01,2012829,148,68,0
GHCND:USC00327756,PETERSBURG 2 N ND US,466.3,48.0355,-98.01,2012830,181,87,0
GHCND:USC00327757,PETERSBURG 2 N ND US,466.3,48.0355,-98.01,2012831,190,179,0
GHCND:USC00327758,PETERSBURG 2 N ND US,466.3,48.0355,-98.01,2012832,51,32,0
GHCND:USC00327759,PETERSBURG 2 N ND US,466.3,48.0355,-98.01,2012833,53,145,0
GHCND:USC00327760,PETERSBURG 2 N ND US,466.3,48.0355,-98.01,2012834,152,84,0
GHCND:USC00327761,PETERSBURG 2 N ND US,466.3,48.0355,-98.01,2012835,196,34,0
GHCND:USC00327762,PETERSBURG 2 N ND US,466.3,48.0355,-98.01,2012836,152,89,0
GHCND:USC00327763,PETERSBURG 2 N ND US,466.3,48.0355,-98.01,2012837,57,90,0
GHCND:USC00327764,PETERSBURG 2 N ND US,466.3,48.0355,-98.01,2012838,117,200,0
GHCND:USC00327765,PETERSBURG 2 N ND US,466.3,48.0355,-98.01,2012839,135,176,0
GHCND:USC00327766,PETERSBURG 2 N ND US,466.3,48.0355,-98.01,2012840,85,188,0
GHCND:USC00327767,PETERSBURG 2 N ND US,466.3,48.0355,-98.01,2012841,105,101,0
GHCND:USC00327768,PETERSBURG 2 N ND US,466.3,48.0355,-98.01,2012842,179,106,0
GHCND:USC00327769,PETERSBURG 2 N ND US,466.3,48.0355,-98.01,2012843,191,37,0
GHCND:USC00327770,PETERSBURG 2 N ND US,466.3,48.0355,-98.01,2012844,163,174,0
GHCND:USC00327771,PETERSBURG 2 N ND US,466.3,48.0355,-98.01,2012845,97,156,0
GHCND:USC00327772,PETERSBURG 2 N ND US,466.3,48.0355,-98.01,2012846,24,172,0
GHCND:USC00327773,PETERSBURG 2 N ND US,466.3,48.0355,-98.01,2012847,106,74,0
GHCND:USC00327774,PETERSBURG 2 N ND US,466.3,48.0355,-98.01,2012848,164,168,0
GHCND:USC00327775,PETERSBURG 2 N ND US,466.3,48.0355,-98.01,2012849,33,156,0
GHCND:USC00327776,PETERSBURG 2 N ND US,466.3,48.0355,-98.01,2012850,103,46,0
GHCND:USC00327777,PETERSBURG 2 N ND US,466.3,48.0355,-98.01,2012851,13,198,0
GHCND:USC00327778,PETERSBURG 2 N ND US,466.3,48.0355,-98.01,2012852,125,16,0
GHCND:USC00327779,PETERSBURG 2 N ND US,466.3,48.0355,-98.01,2012853,31,87,0
GHCND:USC00327780,PETERSBURG 2 N ND US,466.3,48.0355,-98.01,2012854,180,195,0
GHCND:USC00327781,PETERSBURG 2 N ND US,466.3,48.0355,-98.01,2012855,185,193,0
GHCND:USC00327782,PETERSBURG 2 N ND US,466.3,48.0355,-98.01,2012856,58,64,0
GHCND:USC00327783,PETERSBURG 2 N ND US,466.3,48.0355,-98.01,2012857,148,129,0
GHCND:USC00327784,PETERSBURG 2 N ND US,466.3,48.0355,-98.01,2012858,165,163,0
GHCND:USC00327785,PETERSBURG 2 N ND US,466.3,48.0355,-98.01,2012859,120,79,0
GHCND:USC00327786,PETERSBURG 2 N ND US,466.3,48.0355,-98.01,2012860,141,34,0
GHCND:USC00327787,PETERSBURG 2 N ND US,466.3,48.0355,-98.01,2012861,33,191,0
GHCND:USC00327788,PETERSBURG 2 N ND US,466.3,48.0355,-98.01,2012862,65,175,0
GHCND:USC00327789,PETERSBURG 2 N ND US,466.3,48.0355,-98.01,2012863,15,113,0
GHCND:USC00327790,PETERSBURG 2 N ND US,466.3,48.0355,-98.01,2012864,86,50,0
GHCND:USC00327791,PETERSBURG 2 N ND US,466.3,48.0355,-98.01,2012865,50,164,0
GHCND:USC00327792,PETERSBURG 2 N ND US,466.3,48.0355,-98.01,2012866,175,176,0
GHCND:USC00327793,PETERSBURG 2 N ND US,466.3,48.0355,-98.01,2012867,115,175,0
GHCND:USC00327794,PETERSBURG 2 N ND US,466.3,48.0355,-98.01,2012868,25,109,0
GHCND:USC00327795,PETERSBURG 2 N ND US,466.3,48.0355,-98.01,2012869,111,195,0
GHCND:USC00327796,PETERSBURG 2 N ND US,466.3,48.0355,-98.01,2012870,157,73,0
GHCND:USC00327797,PETERSBURG 2 N ND US,466.3,48.0355,-98.01,2012871,184,62,0
GHCND:USC00327798,PETERSBURG 2 N ND US,466.3,48.0355,-98.01,2012872,161,139,0
